win%,rpg,runs,2b,3b,hr,rbi,bb,so,batting avg,obp,slg,ops,tb,era,tshutout,saves,HRa,Ks,whip,po,a,e,dp,fld%,
0.426,4.64,752,285,56,190,709,463,1427,0.261,0.32,0.432,0.752,2446,5.09,7,31,202,1318,1.492,4354,1663,101,143,0.983,
0.422,4.03,649,295,27,122,615,502,1240,0.255,0.321,0.384,0.705,2119,4.51,9,39,177,1227,1.355,4343,1565,101,134,0.983,
0.549,4.59,744,265,6,253,710,468,1324,0.256,0.317,0.443,0.76,2449,4.22,9,54,183,1248,1.364,4296,1579,80,165,0.987,
0.574,5.42,878,343,25,208,836,558,1160,0.282,0.348,0.461,0.81,2615,4,5,43,176,1362,1.273,4319,1427,75,139,0.987,
0.64,4.99,808,293,30,199,767,656,1339,0.256,0.343,0.429,0.772,2359,3.15,15,38,163,1441,1.11,4379,1635,101,116,0.983,
0.481,4.23,686,277,33,168,656,455,1285,0.257,0.317,0.41,0.727,2275,4.1,10,43,185,1270,1.343,4340,1536,95,148,0.984,
0.42,4.42,716,277,33,164,678,452,1284,0.256,0.316,0.408,0.724,2238,4.91,8,28,258,1241,1.451,4326,1549,102,142,0.983,
0.584,4.83,777,308,29,185,733,531,1246,0.262,0.329,0.43,0.759,2356,3.84,11,37,186,1398,1.239,4337,1608,89,126,0.985,
0.463,5.22,845,318,47,204,805,494,1330,0.275,0.336,0.457,0.794,2568,4.91,9,37,181,1223,1.455,4288,1749,110,148,0.982,
0.534,4.66,750,252,30,211,719,493,1303,0.267,0.331,0.438,0.769,2421,4.24,8,47,182,1232,1.316,4284,1537,75,148,0.987,
0.519,4.47,724,291,29,198,689,554,1452,0.247,0.319,0.417,0.735,2310,4.06,8,44,181,1396,1.29,4404,1599,77,135,0.987,
0.5,4.17,675,264,33,147,640,382,1224,0.261,0.312,0.4,0.712,2221,4.21,7,41,206,1287,1.354,4320,1526,94,134,0.984,
0.457,4.43,717,279,20,156,686,471,991,0.26,0.322,0.405,0.726,2197,4.28,12,29,208,1136,1.392,4264,1483,97,148,0.983,
0.562,4.48,725,272,21,189,680,525,1321,0.249,0.319,0.409,0.728,2257,3.7,15,47,165,1510,1.191,4359,1448,80,101,0.986,
0.491,4.07,655,259,42,128,626,447,1213,0.263,0.322,0.394,0.716,2187,4.05,12,55,152,1379,1.361,4305,1506,86,137,0.985,
0.451,4.14,671,249,19,194,641,599,1543,0.244,0.322,0.407,0.729,2168,4.08,7,46,178,1175,1.382,4303,1671,136,145,0.978,
0.364,4.46,722,288,35,200,690,513,1426,0.251,0.316,0.421,0.738,2367,5.08,3,26,221,1191,1.453,4329,1610,126,172,0.979,
0.537,4.14,671,240,19,218,649,517,1302,0.246,0.316,0.417,0.733,2274,3.57,13,55,152,1396,1.269,4341,1519,90,138,0.985,
0.519,4.2,680,245,20,183,647,475,1188,0.252,0.315,0.405,0.72,2212,4.16,10,48,214,1393,1.262,4285,1536,86,116,0.985,
0.426,4.03,653,270,21,169,634,442,1145,0.246,0.304,0.395,0.699,2171,4.51,7,42,185,1188,1.342,4300,1630,97,152,0.984,
0.438,3.77,610,231,35,161,574,424,1376,0.24,0.301,0.384,0.685,2089,4.63,12,43,213,1299,1.346,4311,1503,97,142,0.984,
0.484,4.5,729,277,32,153,696,561,1334,0.257,0.332,0.402,0.734,2226,4.21,5,51,180,1232,1.395,4352,1745,111,172,0.982,
0.42,4.23,686,257,26,177,654,449,1500,0.235,0.299,0.39,0.689,2115,4.43,9,35,183,1222,1.385,4320,1623,109,165,0.982,
0.531,4.74,768,251,17,223,735,506,1288,0.259,0.326,0.43,0.756,2400,4,8,49,213,1318,1.283,4371,1575,89,158,0.985,
0.537,4.41,715,280,54,130,675,572,1107,0.258,0.329,0.398,0.728,2215,3.65,11,43,158,1309,1.214,4381,1639,72,136,0.988,
0.531,4.81,779,299,32,225,745,526,1318,0.255,0.325,0.442,0.767,2453,4.08,10,38,159,1290,1.317,4345,1747,107,169,0.983,
0.42,4.15,672,288,32,216,647,449,1482,0.243,0.307,0.426,0.733,2333,4.2,8,42,210,1357,1.322,4279,1410,94,129,0.984,
0.586,4.72,765,257,23,215,746,436,1220,0.262,0.322,0.433,0.755,2394,4.37,6,56,201,1154,1.369,4329,1655,97,190,0.984,
0.549,4.69,759,276,18,221,728,632,1362,0.248,0.33,0.426,0.755,2333,3.78,10,43,183,1314,1.234,4378,1622,88,144,0.986,
0.586,4.71,763,268,29,203,735,536,1252,0.256,0.326,0.426,0.751,2338,3.51,12,46,155,1476,1.192,4379,1425,73,142,0.988,
0.488,4.44,720,289,48,154,680,490,1312,0.264,0.324,0.414,0.738,2341,4.04,12,44,182,1215,1.33,4400,1697,86,146,0.986,
0.414,3.54,573,251,18,100,548,471,1107,0.251,0.314,0.359,0.674,1948,4.41,10,44,170,1148,1.412,4276,1593,90,186,0.985,
0.5,4.4,713,246,20,217,686,418,1331,0.25,0.307,0.421,0.728,2307,4.05,10,43,174,1233,1.317,4304,1597,77,134,0.987,
0.481,4.62,748,294,33,161,706,478,1148,0.265,0.325,0.415,0.74,2338,4.31,10,40,178,1218,1.356,4345,1625,97,148,0.984,
0.599,4.25,689,272,30,171,657,567,1518,0.244,0.321,0.398,0.719,2186,3.36,21,48,134,1431,1.152,4384,1669,111,120,0.982,
0.469,3.84,622,260,27,136,595,404,1231,0.25,0.306,0.38,0.686,2103,3.98,9,37,162,1359,1.32,4358,1582,101,159,0.983,
0.395,3.95,640,257,27,167,613,496,1255,0.248,0.312,0.394,0.706,2194,4.33,8,35,177,1252,1.362,4360,1622,90,131,0.985,
0.503,4.16,669,303,29,141,640,533,1157,0.256,0.325,0.401,0.725,2179,3.67,10,38,161,1407,1.186,4298,1528,79,136,0.987,
0.42,4.55,737,274,49,186,702,388,1283,0.265,0.315,0.432,0.748,2409,5.04,4,36,183,1112,1.513,4279,1818,95,171,0.985,
0.46,4.28,689,289,49,151,660,455,1259,0.27,0.328,0.42,0.748,2355,4.64,12,35,193,1100,1.368,4341,1621,86,165,0.986,
0.531,4.5,729,278,26,230,691,486,1392,0.25,0.315,0.437,0.752,2383,3.57,13,39,148,1280,1.201,4323,1617,85,131,0.986,
0.586,4.47,724,300,42,139,689,383,973,0.269,0.322,0.412,0.734,2298,3.73,8,56,155,1160,1.282,4356,1611,88,138,0.985,
0.525,4.08,661,243,21,176,621,435,1150,0.246,0.307,0.396,0.702,2144,3.94,12,46,166,1221,1.264,4322,1491,93,108,0.984,
0.568,4.12,667,263,26,187,638,563,1258,0.25,0.326,0.413,0.739,2222,3.44,21,47,145,1396,1.184,4337,1727,75,133,0.988,
0.438,3.78,613,236,40,120,575,375,1150,0.26,0.31,0.384,0.694,2096,4.02,12,35,141,1152,1.319,4281,1588,77,162,0.987,
0.42,4.04,655,274,34,145,624,412,1299,0.251,0.307,0.393,0.7,2155,4.28,7,40,176,1260,1.358,4305,1678,116,164,0.981,
0.512,4.3,696,277,44,156,661,439,1264,0.247,0.305,0.399,0.704,2182,4.07,12,45,163,1046,1.33,4329,1637,86,150,0.986,
0.556,4.22,683,295,17,177,654,488,1290,0.244,0.312,0.4,0.712,2211,3.43,14,50,152,1337,1.179,4388,1599,88,131,0.986,
0.537,4.72,764,272,19,212,737,554,1227,0.251,0.323,0.421,0.744,2343,4.03,4,48,182,1370,1.297,4373,1594,93,135,0.985,
0.42,4.28,694,277,46,146,661,475,1119,0.251,0.312,0.395,0.707,2212,4.14,15,28,172,1179,1.299,4334,1642,126,154,0.979,
0.389,3.86,626,272,37,130,586,387,1274,0.249,0.303,0.382,0.684,2110,4.69,7,35,191,1153,1.448,4309,1585,117,145,0.981,
0.605,4.3,697,292,27,140,661,461,1322,0.26,0.323,0.396,0.719,2228,3.21,13,54,110,1338,1.239,4469,1868,122,177,0.981,
0.457,4.01,650,260,36,148,623,426,1327,0.243,0.3,0.385,0.685,2100,4.09,6,41,171,1393,1.31,4321,1566,92,138,0.985,
0.469,4.05,656,262,22,198,624,478,1336,0.249,0.311,0.411,0.722,2279,4.16,12,45,181,1283,1.313,4389,1685,94,155,0.985,
0.519,4.3,696,288,39,136,663,457,1159,0.267,0.326,0.406,0.732,2260,3.72,18,41,155,1165,1.229,4333,1674,78,145,0.987,
0.617,3.99,647,288,39,137,619,506,1267,0.253,0.321,0.394,0.716,2163,2.94,15,62,123,1329,1.254,4394,1617,96,159,0.984,
0.494,3.98,644,278,32,167,612,436,1310,0.252,0.314,0.406,0.72,2226,3.74,12,60,175,1355,1.232,4360,1408,95,118,0.984,
0.543,4.64,751,279,32,172,707,503,1233,0.257,0.325,0.413,0.739,2278,4.24,9,45,171,1095,1.363,4328,1695,119,169,0.981,
0.574,5.5,891,308,17,232,852,570,1151,0.269,0.34,0.457,0.797,2518,3.8,10,34,173,1117,1.214,4323,1592,88,145,0.985,
0.512,4.34,703,265,13,177,665,539,1344,0.251,0.321,0.403,0.724,2185,3.62,13,41,145,1342,1.206,4304,1533,90,125,0.985,
0.395,3.8,615,259,47,118,573,398,1165,0.248,0.302,0.376,0.678,2086,4.26,4,35,154,1278,1.34,4333,1645,101,147,0.983,
0.488,3.54,573,240,22,123,545,472,1369,0.241,0.305,0.36,0.665,1969,3.38,13,54,121,1301,1.265,4365,1527,85,143,0.986,
0.593,4.35,705,264,16,211,681,401,1285,0.256,0.311,0.422,0.734,2363,3.43,13,53,151,1174,1.241,4384,1604,87,156,0.986,
0.438,3.91,634,282,20,123,601,535,1337,0.244,0.316,0.369,0.684,2046,4.01,7,36,154,1213,1.324,4397,1610,92,155,0.985,
0.451,3.79,614,270,31,157,590,442,1477,0.239,0.3,0.385,0.684,2118,3.91,11,37,115,1311,1.3,4390,1668,103,137,0.983,
0.451,4.07,660,279,32,155,625,417,1362,0.253,0.31,0.398,0.708,2208,4.29,6,36,140,1152,1.405,4323,1682,107,170,0.982,
0.469,3.67,595,254,20,131,562,415,1252,0.238,0.296,0.365,0.661,1969,3.59,13,44,163,1290,1.237,4338,1588,72,120,0.988,
0.525,4.13,669,284,23,142,644,504,1189,0.253,0.317,0.389,0.706,2167,3.56,15,40,135,1450,1.268,4405,1599,116,139,0.981,
0.407,4.66,755,307,41,186,721,397,1281,0.276,0.327,0.445,0.772,2498,4.84,4,24,173,1074,1.439,4293,1808,106,166,0.983,
0.556,4.67,757,325,26,155,731,443,1144,0.277,0.331,0.426,0.757,2399,4.01,8,41,127,1244,1.332,4362,1538,101,153,0.983,
0.432,3.88,629,240,19,163,596,495,1442,0.242,0.309,0.383,0.692,2084,4.11,3,31,139,1137,1.335,4316,1704,106,151,0.983,
0.549,4.02,651,286,29,95,604,380,985,0.263,0.314,0.376,0.69,2085,3.51,14,53,128,1168,1.259,4352,1512,104,122,0.983,
0.605,4.77,773,304,31,155,729,492,1266,0.259,0.322,0.406,0.728,2295,3.58,13,46,126,1342,1.221,4447,1480,83,127,0.986,
0.58,4.43,718,302,38,134,686,519,1246,0.265,0.333,0.406,0.738,2256,3.4,16,47,142,1373,1.206,4394,1707,107,145,0.983,
0.475,3.98,645,254,36,122,614,501,1419,0.253,0.317,0.378,0.694,2091,3.78,16,42,114,1190,1.33,4373,1700,97,154,0.984,
0.506,4.01,650,297,28,150,617,423,1197,0.25,0.311,0.397,0.708,2169,3.67,9,45,167,1246,1.247,4373,1602,99,130,0.984,
0.432,4.41,715,316,27,128,675,544,1329,0.254,0.324,0.389,0.713,2166,4.57,7,38,147,1031,1.391,4305,1579,97,136,0.984,
0.488,3.88,629,275,19,125,602,516,1264,0.239,0.308,0.364,0.673,1994,3.49,11,42,141,1303,1.284,4391,1617,104,158,0.983,
0.519,3.91,633,247,26,147,591,452,1133,0.245,0.307,0.38,0.687,2089,3.75,10,48,164,1370,1.232,4359,1474,92,107,0.984,
0.543,4.5,729,253,33,146,686,586,1104,0.244,0.32,0.381,0.7,2111,3.22,13,31,147,1244,1.145,4390,1634,111,150,0.982,
0.451,3.82,619,251,27,125,584,443,1306,0.242,0.302,0.363,0.665,2036,3.79,12,40,134,1255,1.306,4405,1673,83,133,0.987,
0.543,4.21,682,275,30,156,659,520,1244,0.259,0.33,0.404,0.734,2239,3.47,7,48,128,1228,1.263,4369,1838,109,148,0.983,
0.475,3.3,535,224,30,109,500,468,1294,0.226,0.292,0.342,0.634,1810,3.27,10,41,117,1284,1.225,4316,1560,101,124,0.983,
0.537,3.91,634,247,32,136,600,396,1232,0.244,0.3,0.376,0.676,2047,3.17,9,51,137,1317,1.173,4356,1608,82,139,0.986,
0.543,4.1,665,257,42,132,636,427,1245,0.255,0.311,0.388,0.699,2144,3.5,12,46,133,1211,1.169,4347,1699,100,155,0.984,
0.556,3.82,619,275,21,105,585,471,1133,0.253,0.32,0.369,0.689,2003,3.5,23,55,123,1221,1.236,4346,1617,88,145,0.985,
0.475,3.78,612,263,24,117,586,527,1124,0.247,0.317,0.367,0.684,2023,3.56,22,37,145,1437,1.212,4391,1309,88,96,0.985,
0.414,3.93,637,260,28,111,597,417,1162,0.256,0.314,0.375,0.689,2049,4.49,17,33,160,1110,1.413,4279,1413,106,155,0.982,
0.512,4.46,723,282,24,177,690,502,1151,0.259,0.323,0.414,0.736,2296,4,16,45,151,1199,1.31,4329,1528,87,130,0.985,
0.593,4.23,686,265,27,152,635,517,1304,0.253,0.321,0.393,0.714,2178,3.03,19,45,110,1288,1.158,4412,1625,100,139,0.984,
0.5,4.23,685,302,31,130,647,519,1142,0.259,0.323,0.391,0.715,2222,3.92,7,38,176,1218,1.301,4485,1733,75,135,0.988,
0.593,4.25,688,247,21,181,656,542,1384,0.249,0.321,0.402,0.723,2186,3.18,12,53,127,1232,1.196,4351,1680,85,141,0.986,
0.525,4.6,745,298,14,212,719,416,1125,0.26,0.313,0.431,0.744,2422,4.2,6,57,202,1169,1.315,4359,1614,54,165,0.991,
0.599,5.27,853,363,29,178,819,581,1308,0.277,0.349,0.446,0.795,2521,3.79,8,33,156,1294,1.3,4362,1516,80,142,0.987,
0.407,3.72,602,297,18,172,576,439,1230,0.238,0.3,0.392,0.693,2156,4,6,39,160,1184,1.293,4344,1602,100,129,0.983,
0.389,3.69,598,237,19,148,574,411,1207,0.249,0.302,0.378,0.68,2104,3.98,5,40,182,1249,1.329,4365,1555,121,155,0.98,
0.556,4.31,698,274,20,155,664,585,1245,0.249,0.327,0.391,0.718,2149,3.38,17,43,170,1296,1.173,4421,1643,76,131,0.988,
0.568,4.6,745,290,23,171,711,562,1283,0.255,0.327,0.41,0.737,2240,3.82,16,38,147,1379,1.327,4324,1503,98,135,0.983,
0.457,4.36,706,283,36,159,673,427,1204,0.27,0.323,0.418,0.741,2343,4.44,5,35,136,1064,1.436,4308,1855,90,162,0.986,
0.574,4.91,796,292,23,176,767,531,1073,0.283,0.346,0.434,0.78,2491,3.61,12,39,128,1428,1.252,4388,1508,76,136,0.987,
0.315,3.77,610,266,16,148,566,426,1535,0.24,0.299,0.375,0.674,2049,4.79,5,32,191,1084,1.49,4320,1635,125,168,0.979,
0.531,4,648,254,34,112,620,422,1048,0.26,0.315,0.379,0.694,2101,3.45,12,52,155,1208,1.267,4345,1520,85,136,0.986,
0.481,4.52,733,270,39,164,696,523,1221,0.264,0.329,0.414,0.743,2316,4.23,12,41,167,1200,1.378,4373,1500,112,135,0.981,
0.568,4.01,649,281,17,138,618,476,1146,0.264,0.326,0.396,0.722,2176,3.25,22,46,127,1292,1.228,4351,1723,109,160,0.982,
0.383,3.17,513,219,31,95,485,432,1232,0.231,0.293,0.335,0.627,1823,3.71,13,36,121,1177,1.303,4381,1687,88,144,0.986,
0.457,3.95,640,238,43,157,610,407,1183,0.252,0.311,0.398,0.708,2176,3.84,15,40,175,1125,1.294,4328,1628,114,153,0.981,
0.407,3.79,614,285,15,151,590,533,1430,0.242,0.312,0.38,0.692,2114,4.55,7,40,168,985,1.413,4351,1723,81,178,0.987,
0.457,3.82,619,263,32,130,593,512,1384,0.237,0.306,0.366,0.672,2035,3.77,10,40,152,1209,1.287,4430,1642,93,127,0.985,
0.525,4.01,650,247,24,144,614,466,1214,0.242,0.307,0.376,0.683,2048,3.94,10,49,171,1233,1.305,4342,1544,69,139,0.988,
0.593,4.73,767,301,25,186,725,573,1178,0.254,0.327,0.419,0.745,2312,3.56,13,46,163,1183,1.217,4356,1377,97,112,0.983,
0.451,3.77,610,255,32,140,578,417,1205,0.248,0.306,0.384,0.69,2094,4.32,3,32,152,1199,1.372,4309,1614,97,141,0.984,
0.58,3.91,634,273,35,161,603,469,1330,0.245,0.313,0.396,0.709,2172,3.26,16,55,101,1261,1.233,4412,1924,106,154,0.984,
0.469,3.81,618,246,26,146,578,467,1309,0.245,0.308,0.378,0.686,2085,3.98,6,40,156,1171,1.328,4365,1698,83,140,0.986,
0.438,3.85,624,249,17,188,597,529,1353,0.237,0.306,0.39,0.695,2165,4.31,14,43,174,1297,1.328,4395,1645,88,149,0.986,
0.469,3.88,629,280,35,107,596,469,1078,0.26,0.32,0.381,0.702,2117,4,13,41,145,1256,1.313,4342,1537,107,128,0.982,
0.599,4.83,783,322,20,125,745,481,1110,0.269,0.332,0.401,0.733,2231,3.42,15,44,112,1254,1.245,4379,1718,75,177,0.988,
0.564,4.29,700,296,23,165,670,589,1171,0.257,0.329,0.408,0.737,2258,3.74,17,42,153,1310,1.227,4392,1593,59,147,0.99,
0.558,4.48,730,262,23,176,691,462,1067,0.262,0.323,0.412,0.735,2301,3.62,10,46,157,1309,1.277,4390,1549,86,146,0.986,
0.457,4.4,712,273,24,185,669,510,1123,0.252,0.318,0.411,0.729,2274,4.25,11,39,195,1208,1.344,4356,1605,111,145,0.982,
0.531,4.05,656,259,27,161,621,464,1192,0.251,0.313,0.398,0.71,2161,3.59,13,47,142,1236,1.226,4337,1549,107,146,0.982,
0.5,4.53,734,307,33,165,710,539,1266,0.259,0.328,0.418,0.746,2284,3.93,9,39,155,1200,1.29,4293,1661,88,146,0.985,
0.58,4.32,700,263,30,149,660,567,1289,0.247,0.32,0.389,0.709,2111,3.42,16,47,145,1232,1.227,4336,1654,86,147,0.986,
0.574,4.4,712,270,16,214,677,480,1315,0.247,0.311,0.417,0.728,2319,3.9,10,55,184,1177,1.291,4449,1680,106,151,0.983,
0.426,4.53,734,339,16,165,695,428,1197,0.26,0.315,0.415,0.73,2325,4.7,4,35,190,1176,1.371,4329,1687,101,159,0.983,
0.377,3.78,613,265,36,137,570,447,1235,0.24,0.302,0.378,0.68,2045,4.51,9,28,175,1128,1.395,4241,1583,105,148,0.982,
0.525,4.62,748,228,29,211,726,461,1203,0.255,0.318,0.422,0.74,2328,4.02,11,37,186,1246,1.292,4337,1578,70,154,0.988,
0.599,4.13,669,296,30,172,636,481,1266,0.251,0.315,0.411,0.726,2249,3.34,12,56,152,1248,1.227,4359,1602,89,113,0.985,
0.42,4.12,667,266,24,136,635,555,1087,0.251,0.324,0.381,0.705,2107,4.78,6,43,174,1086,1.419,4326,1665,96,157,0.984,
0.395,4.68,758,306,52,166,716,450,1213,0.274,0.33,0.436,0.766,2434,5.22,7,36,198,1144,1.549,4266,1718,122,139,0.98,
0.543,4.48,726,279,39,163,698,511,1103,0.268,0.335,0.422,0.757,2313,3.75,8,40,151,1318,1.291,4292,1481,99,127,0.983,
0.34,3.6,583,238,28,146,545,463,1365,0.236,0.302,0.371,0.673,2008,4.56,11,31,173,1170,1.428,4270,1729,118,132,0.981,
0.444,4.17,676,295,37,131,643,404,1032,0.265,0.317,0.4,0.716,2254,4.3,12,44,163,1177,1.41,4354,1624,113,171,0.981,
0.549,4.73,767,273,22,187,732,449,1113,0.274,0.332,0.433,0.764,2396,4.02,16,38,186,1157,1.271,4300,1578,98,141,0.984,
0.531,3.93,637,269,23,116,607,481,1156,0.252,0.317,0.374,0.69,2032,3.34,10,40,122,1276,1.253,4349,1669,98,138,0.984,
0.426,3.76,609,261,39,137,576,484,1228,0.244,0.308,0.382,0.69,2077,4.09,7,38,133,1113,1.349,4322,1649,103,154,0.983,
0.512,4.79,776,300,39,202,741,466,1240,0.259,0.325,0.437,0.762,2426,4.22,9,44,169,1402,1.364,4361,1532,99,133,0.983,
0.407,4.33,701,270,30,131,666,505,1069,0.26,0.325,0.39,0.715,2171,4.77,6,35,198,943,1.391,4316,1784,107,188,0.983,
0.457,4.01,650,286,21,139,625,503,1250,0.249,0.316,0.386,0.701,2102,4.09,13,36,161,1240,1.294,4302,1502,101,135,0.983,
0.586,4.96,804,280,13,245,774,565,1176,0.265,0.337,0.453,0.79,2503,3.84,9,51,190,1318,1.268,4336,1471,75,135,0.987,
0.58,4.4,713,267,32,195,676,550,1387,0.238,0.31,0.404,0.714,2231,3.48,13,47,147,1136,1.239,4410,1568,111,135,0.982,
0.5,4.22,684,271,28,158,659,454,1094,0.255,0.317,0.4,0.716,2215,3.83,11,42,178,1385,1.237,4354,1560,101,118,0.983,
0.488,4.02,651,241,37,170,620,444,1354,0.243,0.304,0.395,0.699,2138,3.86,10,45,153,1192,1.289,4300,1656,112,126,0.982,
0.469,4.02,651,272,43,121,610,539,1238,0.247,0.319,0.38,0.699,2060,4.01,11,43,162,1205,1.321,4304,1655,121,97,0.98,
0.463,3.82,619,241,27,149,584,466,1259,0.234,0.296,0.369,0.665,2027,3.76,11,43,166,1166,1.241,4370,1570,72,155,0.988,
0.58,4.43,718,287,57,103,675,483,1097,0.269,0.327,0.397,0.724,2205,3.68,14,53,142,1237,1.275,4353,1639,115,134,0.981,
0.543,4.72,765,290,37,159,732,533,1192,0.271,0.338,0.421,0.759,2367,3.71,10,42,134,1218,1.269,4388,1754,107,149,0.983,
0.556,4.3,697,250,30,175,665,571,1323,0.24,0.317,0.394,0.711,2128,3.19,15,50,139,1383,1.166,4379,1641,114,155,0.981,
0.574,4.99,808,303,32,200,780,478,1103,0.273,0.334,0.446,0.78,2493,3.99,10,43,175,1286,1.265,4326,1496,85,136,0.986,
0.451,4.42,716,247,22,198,677,473,1251,0.245,0.309,0.407,0.716,2231,4.64,11,29,204,1142,1.394,4331,1737,101,167,0.984,
0.605,4.51,731,301,25,194,688,479,1325,0.261,0.322,0.428,0.75,2401,3.33,9,51,129,1325,1.221,4405,1632,94,134,0.985,
0.58,4.51,731,293,37,172,702,531,1249,0.25,0.322,0.413,0.736,2240,3.8,12,58,159,1058,1.286,4330,1604,90,131,0.985,
0.549,3.96,641,244,16,173,606,504,1260,0.243,0.308,0.387,0.695,2140,3.48,16,52,125,1332,1.252,4439,1675,83,131,0.987,
0.426,4.37,708,273,13,191,684,452,1120,0.257,0.316,0.413,0.729,2306,4.89,7,32,210,1044,1.454,4340,1655,110,159,0.982,
0.556,5.4,875,352,35,203,842,578,1108,0.28,0.349,0.461,0.81,2631,4.2,13,36,156,1213,1.308,4372,1526,92,120,0.985,
0.438,4.04,654,285,36,148,610,425,1202,0.256,0.314,0.401,0.715,2224,4.33,5,40,162,1224,1.408,4303,1559,134,128,0.978,
0.488,4.04,654,252,16,154,625,475,989,0.252,0.319,0.388,0.706,2133,4.1,14,42,147,1220,1.303,4380,1667,79,129,0.987,
0.488,4.54,735,264,19,183,697,535,1250,0.256,0.326,0.408,0.734,2289,4.16,5,39,185,1112,1.331,4403,1759,91,146,0.985,
0.494,4.35,704,290,26,154,671,494,1269,0.25,0.317,0.396,0.714,2184,4.23,4,38,153,1024,1.338,4360,1689,110,130,0.982,
0.451,4.54,735,274,40,163,697,555,1201,0.258,0.329,0.41,0.739,2272,4.43,7,41,176,1118,1.377,4343,1758,98,156,0.984,
0.586,4.86,787,297,34,169,750,521,1143,0.277,0.34,0.434,0.773,2412,4.04,14,52,149,1115,1.318,4320,1639,103,148,0.983,
0.444,3.86,625,274,30,149,596,542,1244,0.247,0.318,0.388,0.706,2139,3.95,11,40,149,1218,1.304,4379,1553,93,126,0.985,
0.346,3.8,615,309,28,95,579,401,1164,0.258,0.311,0.374,0.684,2092,4.51,6,25,188,1191,1.42,4305,1632,116,140,0.981,
0.438,4.51,730,325,41,129,705,442,1006,0.275,0.329,0.415,0.744,2354,4.44,6,37,163,1080,1.408,4354,1700,95,149,0.985,
0.531,4.12,667,289,34,155,629,442,1086,0.253,0.313,0.402,0.714,2216,3.57,11,39,142,1058,1.272,4395,1723,93,157,0.985,
0.509,4,644,237,28,117,613,498,1087,0.257,0.322,0.375,0.697,2039,3.54,17,40,132,1265,1.253,4296,1511,85,121,0.986,
0.593,4.45,721,276,31,185,693,481,1083,0.261,0.325,0.425,0.75,2315,3.63,13,47,147,1257,1.24,4325,1587,111,130,0.982,
0.389,3.82,619,259,25,103,572,440,1048,0.247,0.306,0.36,0.666,1975,4.58,8,32,161,940,1.438,4265,1621,119,153,0.98,
0.475,4.43,718,309,39,108,676,571,1085,0.264,0.335,0.391,0.725,2188,4.19,9,43,147,1126,1.378,4344,1697,116,126,0.981,
0.599,5.35,867,267,33,222,836,627,1138,0.263,0.343,0.444,0.788,2451,3.73,8,47,152,1222,1.323,4375,1569,102,141,0.983,
0.457,3.98,645,280,29,114,612,509,1094,0.244,0.311,0.369,0.68,2010,3.71,12,39,136,1160,1.312,4343,1529,124,145,0.979,
0.63,4.4,713,258,38,153,693,539,1024,0.253,0.323,0.395,0.717,2202,3.02,21,47,120,1299,1.167,4431,1620,74,135,0.988,
0.444,3.77,610,277,35,107,580,489,1308,0.244,0.309,0.368,0.676,1993,4.04,11,43,152,1031,1.413,4348,1771,112,154,0.982,
0.438,3.66,593,247,42,91,563,501,1320,0.237,0.305,0.349,0.653,1888,3.42,10,44,125,1139,1.273,4348,1694,94,139,0.985,
0.414,3.43,556,253,22,109,534,435,1280,0.233,0.292,0.348,0.64,1887,3.9,10,39,145,1088,1.26,4299,1623,108,152,0.982,
0.531,3.52,570,282,24,121,534,448,1122,0.242,0.303,0.368,0.671,2020,3.2,12,52,96,1316,1.239,4404,1657,104,127,0.983,
0.556,4.7,762,308,22,162,726,542,978,0.273,0.341,0.425,0.766,2351,3.74,9,47,136,1098,1.306,4386,1815,116,167,0.982,
0.562,4.36,707,273,37,172,674,571,1193,0.244,0.322,0.402,0.724,2187,3.58,13,32,161,1143,1.219,4347,1519,73,138,0.988,
0.593,5.28,855,310,32,210,807,475,930,0.283,0.34,0.46,0.8,2603,3.79,19,38,170,1179,1.241,4324,1552,114,164,0.981,
0.5,4.59,743,285,34,186,704,525,1184,0.249,0.317,0.413,0.73,2295,4.32,10,33,179,1169,1.353,4376,1703,110,148,0.982,
0.497,3.88,624,257,22,154,594,470,1323,0.242,0.309,0.383,0.691,2082,3.58,10,49,129,1049,1.297,4348,1691,104,145,0.983,
0.401,4.4,713,301,34,180,691,589,1529,0.25,0.325,0.416,0.74,2275,4.81,3,35,210,1070,1.432,4296,1572,102,152,0.983,
0.562,4.56,738,312,25,139,699,634,1140,0.258,0.339,0.401,0.74,2190,3.56,9,41,126,1241,1.272,4318,1770,126,166,0.98,
0.407,3.78,613,264,21,133,577,424,1056,0.259,0.316,0.386,0.702,2145,4.59,7,35,186,1007,1.412,4309,1582,105,141,0.982,
0.549,5.05,818,358,22,211,782,587,1140,0.268,0.339,0.451,0.79,2546,4.2,9,44,152,1207,1.361,4370,1588,111,132,0.982,
0.463,4.23,685,298,27,149,658,479,1236,0.257,0.32,0.401,0.721,2213,4.18,14,40,154,1268,1.402,4310,1550,126,137,0.979,
0.543,4.64,752,263,21,177,710,467,922,0.268,0.332,0.42,0.752,2303,4.09,11,43,136,1149,1.356,4339,1663,103,158,0.983,
0.562,4.88,790,293,30,188,761,522,1218,0.272,0.338,0.436,0.774,2432,4.01,9,43,158,1130,1.327,4359,1608,72,142,0.988,
0.426,3.99,646,290,20,128,601,545,1184,0.248,0.322,0.378,0.7,2076,4.3,4,34,147,967,1.43,4299,1814,110,179,0.982,
0.512,4.75,770,270,54,173,741,585,1274,0.263,0.336,0.425,0.76,2349,4.14,12,35,139,1234,1.338,4326,1707,101,182,0.984,
0.5,4.64,751,308,32,152,717,546,1147,0.268,0.335,0.415,0.75,2343,4.3,5,32,142,1056,1.372,4333,1668,109,171,0.982,
0.494,4.44,719,294,37,152,686,514,1375,0.254,0.321,0.403,0.724,2227,4.08,17,39,134,1168,1.378,4315,1502,123,130,0.979,
0.469,3.77,611,252,25,108,577,415,1025,0.247,0.303,0.362,0.665,1974,4.09,11,45,140,1210,1.385,4318,1597,103,135,0.983,
0.414,4.17,676,279,31,121,640,471,905,0.274,0.331,0.399,0.73,2238,4.97,3,44,176,1035,1.465,4310,1588,121,138,0.98,
0.494,4.2,681,276,19,155,656,466,1070,0.248,0.311,0.39,0.702,2142,4.04,9,39,148,1130,1.371,4348,1562,113,116,0.981,
0.494,4.12,667,270,29,120,621,533,1184,0.252,0.322,0.379,0.7,2056,4.01,16,41,134,1274,1.292,4325,1589,98,124,0.984,
0.475,4.63,750,293,33,182,710,546,1216,0.262,0.335,0.424,0.759,2376,4.58,7,35,173,1258,1.438,4317,1516,101,142,0.983,
0.58,4.82,781,318,41,142,749,559,967,0.273,0.341,0.422,0.762,2347,3.95,13,40,155,1048,1.291,4358,1710,78,150,0.987,
0.488,4.05,656,266,40,128,625,502,1095,0.249,0.314,0.383,0.697,2091,3.7,19,36,135,1106,1.365,4359,1665,87,159,0.986,
0.586,5.3,859,275,32,201,823,662,1136,0.267,0.35,0.436,0.786,2427,4.06,8,39,179,1154,1.31,4327,1522,69,161,0.988,
0.5,4.09,663,276,30,109,619,527,1061,0.256,0.324,0.378,0.702,2059,3.56,17,38,153,1070,1.276,4295,1704,99,147,0.984,
0.599,4.77,772,290,34,166,736,560,1064,0.26,0.332,0.413,0.745,2307,3.67,21,40,168,1183,1.248,4369,1687,83,158,0.986,
0.352,3.62,587,276,27,126,570,463,1207,0.242,0.304,0.373,0.678,2011,5,6,31,167,1026,1.491,4235,1654,127,120,0.979,
0.556,4.1,665,236,24,132,630,538,1183,0.246,0.317,0.371,0.689,2018,3.39,20,49,139,1295,1.251,4369,1626,72,141,0.988,
0.377,3.17,513,227,16,101,485,459,1184,0.236,0.298,0.339,0.637,1836,3.93,10,38,157,973,1.289,4314,1657,110,145,0.982,
0.568,4.3,697,284,30,162,660,487,1099,0.257,0.321,0.408,0.729,2241,3.36,17,57,134,1331,1.271,4383,1485,73,110,0.988,
0.531,4.54,736,285,18,150,689,541,1027,0.263,0.332,0.402,0.733,2227,3.57,16,32,133,1094,1.299,4361,1872,99,172,0.984,
0.593,4.95,802,295,37,160,769,672,1292,0.247,0.333,0.403,0.736,2192,3.78,12,51,175,1189,1.255,4361,1499,85,134,0.986,
0.556,4.86,787,268,25,162,740,511,986,0.276,0.338,0.419,0.757,2360,3.93,8,46,162,1181,1.31,4366,1499,105,133,0.982,
0.525,4.66,755,319,21,257,732,471,1164,0.248,0.312,0.454,0.766,2496,4.22,11,45,150,1184,1.351,4322,1691,92,172,0.985,
0.426,4.04,655,250,31,149,634,503,1220,0.25,0.318,0.39,0.708,2114,4.13,5,37,151,1068,1.38,4305,1657,127,148,0.979,